model,model_mean,m25_mean,t_stat,p_value,significant,n_paired
CLISA,0.6800511111111113,0.5189577777777777,-16.305740066938657,2.878987460449226e-20,True,45
DANN,0.6618955555555556,0.5189577777777777,-12.7568459047979,2.2077361966121735e-16,True,45
PseudoLabel,0.6574111111111112,0.5189577777777777,-12.67314653226244,2.7759041579795313e-16,True,45
