model_id,name,ch,n_runs,acc_a_mean,acc_a_std,f1_a_mean,f1_a_std,acc_b_mean,acc_b_std,f1_b_mean,f1_b_std,mean_best_val_f1,mean_elapsed
M25,DANCE Teacher,62ch,45,0.4192577777777779,0.0934343680414928,0.40768000000000004,0.09431430432336338,0.5189577777777777,0.0913773830404063,0.5026311111111113,0.09726011006626,0.5865933333333334,2009.9199999999998
M26,DANCE Student,6ch,45,0.39009111111111117,0.07401970813181576,0.37749333333333335,0.07451711334866765,0.5706111111111112,0.08728492065492971,0.541171111111111,0.10093303725788207,0.7102022222222222,264.011111111111
