{
  "created_at": "2026-04-14T09:12:26",
  "dataset_type": "training_compatible_standardized_features",
  "X_62ch_shape": [
    37575,
    310
  ],
  "X_6ch_shape": [
    37575,
    30
  ],
  "y_shape": [
    37575
  ],
  "subjects_shape": [
    37575
  ],
  "label_counts": {
    "0": 10170,
    "1": 10245,
    "2": 9225,
    "3": 7935
  },
  "subject_counts": {
    "1": 2505,
    "2": 2505,
    "3": 2505,
    "4": 2505,
    "5": 2505,
    "6": 2505,
    "7": 2505,
    "8": 2505,
    "9": 2505,
    "10": 2505,
    "11": 2505,
    "12": 2505,
    "13": 2505,
    "14": 2505,
    "15": 2505
  },
  "global_stats": {
    "X62_mean": 2.891562189688557e-07,
    "X62_std": 1.0,
    "X62_min": -4.309225082397461,
    "X62_max": 9.818620681762695,
    "X6_mean": 2.345569214412535e-07,
    "X6_std": 1.0,
    "X6_min": -3.8128764629364014,
    "X6_max": 5.307251453399658
  },
  "consistency_check": {
    "X6_equals_subset_of_X62": true,
    "subset_indices": [
      0,
      2,
      5,
      13,
      23,
      31
    ]
  }
}